{
    "北京": [116.4133836971231, 39.910924547299565],
    "上海": [121.48053886017651, 31.235929042252014],
    "广州": [113.27143134445974, 23.135336306695006],
    "深圳": [114.06455183658751, 22.548456637984177],
    "香港": [114.1657, 22.2783],
    "澳门": [113.5439, 22.1987],
    "台北": [121.5319, 25.0478],
    "纽约": [-74.006, 40.7128],
    "伦敦": [-0.1276, 51.5074],
    "巴黎": [2.3522, 48.8566],
    "东京": [139.6917, 35.6895],
    "首尔": [126.9780, 37.5665],
    "新加坡": [103.8198, 1.3521],
    "悉尼": [151.2093, -33.8688],
    "莫斯科": [37.6173, 55.7558],
    "迪拜": [55.2708, 25.2048],
    "南极": [0.0, -75.0]
} 