{
  "阿富汗": [67.709953, 33.93911],
  "阿尔巴尼亚": [20.1683, 41.1533],
  "阿尔及利亚": [1.6596, 28.0339],
  "安道尔": [1.5218, 42.5063],
  "安哥拉": [17.8739, -11.2027],
  "安提瓜和巴布达": [-61.7964, 17.0608],
  "阿根廷": [-63.6167, -38.4161],
  "亚美尼亚": [45.0382, 40.0691],
  "澳大利亚": [133.7751, -25.2744],
  "奥地利": [14.5501, 47.5162],
  "阿塞拜疆": [47.5769, 40.1431],
  "巴哈马": [-77.3963, 25.0343],
  "巴林": [50.5577, 26.0667],
  "孟加拉国": [90.3563, 23.685],
  "巴巴多斯": [-59.5432, 13.1939],
  "白俄罗斯": [27.9534, 53.7098],
  "比利时": [4.4699, 50.5039],
  "伯利兹": [-88.4976, 17.1899],
  "贝宁": [2.3158, 9.3077],
  "不丹": [90.4336, 27.5142],
  "玻利维亚": [-63.5887, -16.2902],
  "波斯尼亚和黑塞哥维那": [17.6791, 43.9159],
  "博茨瓦纳": [24.6849, -22.3285],
  "巴西": [-51.9253, -14.235],
  "文莱": [114.7277, 4.5353],
  "保加利亚": [25.4858, 42.7339],
  "布基纳法索": [-1.5616, 12.2383],
  "布隆迪": [29.9189, -3.3731],
  "柬埔寨": [104.9910, 12.5657],
  "喀麦隆": [12.3547, 7.3697],
  "加拿大": [-106.3468, 56.1304],
  "佛得角": [-23.0418, 16.5388],
  "中非共和国": [20.9394, 6.6111],
  "乍得": [18.7322, 15.4542],
  "智利": [-71.5430, -35.6751],
  "哥伦比亚": [-74.2973, 4.5709],
  "科摩罗": [43.3333, -11.6455],
  "刚果": [15.2832, -0.2280],
  "哥斯达黎加": [-83.7534, 9.7489],
  "克罗地亚": [15.2000, 45.1000],
  "古巴": [-77.7812, 21.5218],
  "塞浦路斯": [33.4299, 35.1264],
  "捷克共和国": [15.4730, 49.8175],
  "丹麦": [9.5018, 56.2639],
  "吉布提": [42.5903, 11.8251],
  "多米尼加": [-61.3710, 15.4150],
  "多米尼加共和国": [-70.1627, 18.7357],
  "厄瓜多尔": [-78.1834, -1.8312],
  "埃及": [30.8025, 26.8206],
  "萨尔瓦多": [-88.8965, 13.7942],
  "赤道几内亚": [10.2679, 1.6508],
  "厄立特里亚": [39.7823, 15.1794],
  "爱沙尼亚": [25.0136, 58.5953],
  "埃塞俄比亚": [40.4897, 9.1450],
  "斐济": [178.0650, -17.7134],
  "芬兰": [25.7482, 61.9241],
  "法国": [2.2137, 46.2276],
  "加蓬": [11.6094, -0.8037],
  "冈比亚": [-15.3101, 13.4432],
  "格鲁吉亚": [43.3569, 42.3154],
  "德国": [10.4515, 51.1657],
  "加纳": [-1.0232, 7.9465],
  "希腊": [21.8243, 39.0742],
  "格林纳达": [-61.6790, 12.1165],
  "危地马拉": [-90.2308, 15.7835],
  "几内亚": [-9.6966, 9.9456],
  "几内亚比绍": [-15.1804, 11.8037],
  "圭亚那": [-58.9399, 4.8604],
  "海地": [-72.2852, 18.9712],
  "洪都拉斯": [-86.2419, 15.1994],
  "匈牙利": [19.5033, 47.1625],
  "冰岛": [-19.0208, 64.9631],
  "印度": [78.9629, 20.5937],
  "印度尼西亚": [113.9213, -0.7893],
  "伊朗": [53.6880, 32.4279],
  "伊拉克": [43.6793, 33.2232],
  "爱尔兰": [-8.2439, 53.4129],
  "以色列": [34.8516, 31.0461],
  "意大利": [12.5674, 41.8719],
  "牙买加": [-77.2975, 18.1096],
  "日本": [138.2529, 36.2048],
  "约旦": [36.2384, 30.5852],
  "哈萨克斯坦": [66.9237, 48.0196],
  "肯尼亚": [37.9062, -0.0236],
  "基里巴斯": [-157.3768, 1.8708],
  "朝鲜": [127.5101, 40.3399],
  "韩国": [127.9785, 35.9078],
  "科威特": [47.4818, 29.3117],
  "吉尔吉斯斯坦": [74.7661, 41.2044],
  "老挝": [102.4955, 19.8563],
  "拉脱维亚": [24.6032, 56.8796],
  "黎巴嫩": [35.8623, 33.8547],
  "莱索托": [28.2336, -29.6100],
  "利比里亚": [-9.4295, 6.4281],
  "利比亚": [17.2283, 26.3351],
  "列支敦士登": [9.5554, 47.1660],
  "立陶宛": [23.8813, 55.1694],
  "卢森堡": [6.1296, 49.8153],
  "马达加斯加": [46.8691, -18.7669],
  "马拉维": [34.3015, -13.2543],
  "马来西亚": [101.9758, 4.2105],
  "马尔代夫": [73.2207, 3.2028],
  "马里": [-3.9962, 17.5707],
  "马耳他": [14.3754, 35.9375],
  "马绍尔群岛": [171.1845, 7.1315],
  "毛里塔尼亚": [-10.9408, 21.0079],
  "毛里求斯": [57.5522, -20.3484],
  "墨西哥": [-102.5528, 23.6345],
  "密克罗尼西亚": [150.5508, 7.4256],
  "摩尔多瓦": [28.3699, 47.4116],
  "摩纳哥": [7.4246, 43.7384],
  "蒙古": [103.8467, 46.8625],
  "黑山": [19.3744, 42.7087],
  "摩洛哥": [-7.0926, 31.7917],
  "莫桑比克": [35.5296, -18.6657],
  "缅甸": [95.9560, 21.9162],
  "纳米比亚": [18.4904, -22.9576],
  "瑙鲁": [166.9315, -0.5228],
  "尼泊尔": [84.1240, 28.3949],
  "荷兰": [5.2913, 52.1326],
  "新西兰": [174.8860, -40.9006],
  "尼加拉瓜": [-85.2072, 12.8654],
  "尼日尔": [8.0817, 17.6078],
  "尼日利亚": [8.6753, 9.0820],
  "挪威": [8.4689, 60.4720],
  "阿曼": [55.9754, 21.4735],
  "巴基斯坦": [69.3451, 30.3753],
  "帕劳": [134.5825, 7.5150],
  "巴拿马": [-80.7821, 8.5380],
  "巴布亚新几内亚": [143.9555, -6.3148],
  "巴拉圭": [-58.4438, -23.4425],
  "秘鲁": [-75.0152, -9.1900],
  "菲律宾": [121.7740, 12.8797],
  "波兰": [19.1451, 51.9194],
  "葡萄牙": [-8.2245, 39.3999],
  "卡塔尔": [51.1839, 25.3548],
  "罗马尼亚": [24.9668, 45.9432],
  "俄罗斯": [105.3188, 61.5240],
  "卢旺达": [29.8739, -1.9403],
  "圣基茨和尼维斯": [-62.7830, 17.3578],
  "圣卢西亚": [-60.9789, 13.9094],
  "圣文森特和格林纳丁斯": [-61.1968, 13.2528],
  "萨摩亚": [-172.1046, -13.7590],
  "圣马力诺": [12.4578, 43.9424],
  "圣多美和普林西比": [6.6131, 0.1864],
  "沙特阿拉伯": [45.0792, 23.8859],
  "塞内加尔": [-14.4524, 14.4974],
  "塞尔维亚": [21.0059, 44.0165],
  "塞舌尔": [55.4920, -4.6796],
  "塞拉利昂": [-11.7799, 8.4606],
  "新加坡": [103.8198, 1.3521],
  "斯洛伐克": [19.6990, 48.6690],
  "斯洛文尼亚": [14.9955, 46.1512],
  "所罗门群岛": [160.1562, -9.6457],
  "索马里": [46.1996, 5.1521],
  "南非": [22.9375, -30.5595],
  "南苏丹": [31.3070, 6.8770],
  "西班牙": [-3.7492, 40.4637],
  "斯里兰卡": [80.7718, 7.8731],
  "苏丹": [30.2176, 12.8628],
  "苏里南": [-56.0278, 3.9193],
  "斯威士兰": [31.4659, -26.5225],
  "瑞典": [18.6435, 60.1282],
  "瑞士": [8.2275, 46.8182],
  "叙利亚": [38.9968, 34.8021],
  "塔吉克斯坦": [71.2761, 38.8610],
  "坦桑尼亚": [34.8888, -6.3690],
  "泰国": [100.9925, 15.8700],
  "东帝汶": [125.7275, -8.8742],
  "多哥": [0.8248, 8.6195],
  "汤加": [-175.1982, -21.1790],
  "特立尼达和多巴哥": [-61.2225, 10.6918],
  "突尼斯": [9.5375, 33.8869],
  "土耳其": [35.2433, 38.9637],
  "土库曼斯坦": [59.5563, 38.9697],
  "图瓦卢": [177.6493, -7.1095],
  "乌干达": [32.2903, 1.3733],
  "乌克兰": [31.1656, 48.3794],
  "阿联酋": [53.8478, 23.4241],
  "英国": [-3.4360, 55.3781],
  "美国": [-95.7129, 37.0902],
  "乌拉圭": [-55.7658, -32.5228],
  "乌兹别克斯坦": [64.5853, 41.3775],
  "瓦努阿图": [166.9592, -15.3767],
  "梵蒂冈": [12.4534, 41.9029],
  "委内瑞拉": [-66.5897, 6.4238],
  "越南": [108.2772, 14.0583],
  "也门": [48.5164, 15.5527],
  "赞比亚": [27.8493, -13.1339],
  "津巴布韦": [29.1549, -19.0154],
  "中国": [104.1954, 35.8617],
  "台湾": [120.9605, 23.6978],
  "香港": [114.1694, 22.3193],
  "澳门": [113.5439, 22.1987],
  "未知": [0, 0]
} 